Mean,Highest,Lowest,Standard Deviation
team45-mingjun-8,31.88888888888889,34,30,0.9938079899999066
NULL,30.842105263157894,36,20,4.26137064550754
team45-mingjun-6,31.91891891891892,35,28,1.7611172494751255
team45-mingjun-9,29.76923076923077,32,27,1.671196998646187
team45-mingjun-5,32.0,33,31,1.0
team45-mingjun-7,31.714285714285715,32,31,0.45175395145262565
team45-mingjun-2,32.25,35,31,1.6393596310755
team45-mingjun-3,28.0,28,28,0.0
